<?xml version="1.0" encoding="UTF-8" standalone="yes"?>
<addon id="plugin.video.pyramid" name="pyramidwizard" version="1.0.0" provider-name="pyramidwiz">
  <requires>
    <import addon="xbmc.python" version="2.1.0"/>
  </requires>
  <extension point="xbmc.python.pluginsource" library="default.py">
        <provides>video executable</provides>
  </extension>
  <extension point="xbmc.addon.metadata">
    <summary lang="en">pyramidwizard</summary>
    <description lang="en">Pyramid Wizard</description>
	<website>https://pyramidwiz.github.io/repo/</website>
    <platform>all</platform>
  </extension>
</addon>
