<?xml version="1.0" encoding="UTF-8" standalone="yes"?>
<addon id="plugin.video.pyramid" name="Pyramid Wizard" version="1.0" provider-name="PyramidWizard">
  <requires>
    <import addon="xbmc.python" version="3.0.0"/>
  </requires>
  <extension point="xbmc.python.pluginsource" library="default.py">
        <provides>video executable</provides>
  </extension>
  <extension point="xbmc.addon.metadata">
		<summary lang="en">Pyramid Wizard</summary>
		<description lang="en">In this wizard you will find my latest build</description>
		<disclaimer lang="en"></disclaimer>
		<forum></forum>
		<source></source>
		<website></website>
		<platform>all</platform>
	</extension>
</addon>
